Acurácia Média,Acurácia Std (+-),F1-Score Médio,F1-Score Std (+-),Precisão Média,Precisão Std (+-),Recall Médio,Recall Std
0.5407407407407406,0.018144368465060588,0.4304392121504983,0.016577880980085606,0.4549681120566168,0.013052599070273362,0.4924525745257453,0.01792473978322409
