Acurácia Média,Acurácia Std (+-),F1-Score Médio,F1-Score Std (+-),Precisão Média,Precisão Std (+-),Recall Médio,Recall Std
0.7024691358024692,0.015069821747819387,0.6817124829398008,0.01601478907575321,0.6773420985583467,0.018086073560602114,0.7436144986449864,0.01210806446779373
