Acurácia Média,Acurácia Std (+-),F1-Score Médio,F1-Score Std (+-),Precisão Média,Precisão Std (+-),Recall Médio,Recall Std
0.7370370370370369,0.014659681588935713,0.7265098824259411,0.012860192093417837,0.7157232553304763,0.014002259382232929,0.7801727642276423,0.012083433999746292
