Acurácia Média,Acurácia Std (+-),F1-Score Médio,F1-Score Std (+-),Precisão Média,Precisão Std (+-),Recall Médio,Recall Std
0.6444444444444445,0.007407407407407408,0.6083895573026007,0.006843939254659767,0.6247170514670515,0.011507779692292481,0.6650745257452575,0.003658536585365824
