Acurácia Média,Acurácia Std (+-),F1-Score Médio,F1-Score Std (+-),Precisão Média,Precisão Std (+-),Recall Médio,Recall Std
0.6851851851851851,0.012650556501184674,0.6643528385621197,0.014789844412994229,0.6690183265930829,0.01777054290705854,0.7242547425474254,0.01140366877578118
