Acurácia Média,Acurácia Std (+-),F1-Score Médio,F1-Score Std (+-),Precisão Média,Precisão Std (+-),Recall Médio,Recall Std
0.6938271604938271,0.01728395061728394,0.6732044291739315,0.020567974465071127,0.6759595090489712,0.017440608940691046,0.7331978319783198,0.017983306742409427
