Acurácia Média,Acurácia Std (+-),F1-Score Médio,F1-Score Std (+-),Precisão Média,Precisão Std (+-),Recall Médio,Recall Std
0.7604938271604939,0.013747566327975354,0.7532109727121944,0.012259016469680325,0.741125460528034,0.010963918204630142,0.7887872628726287,0.008600867790004513
