Gene,SHAP Importance
A2M,2.115137787676691e-05
A1BG,1.3710182381725144e-05
A1CF,1.2358110150698595e-05
Unnamed: 0,1.2205322784526539e-05
