Gene,SHAP Importance
A2ML1,2.1924753880204853e-05
A1CF,1.447902897272786e-05
A2M,1.288981043861739e-05
A1BG,1.2822090702646062e-05
