Acurácia Média,Acurácia Std,F1-Score Médio,F1-Score Std,Precisão Média,Precisão Std,Recall Médio,Recall Std
0.7172413793103448,0.07200211385455552,0.5356236681971976,0.04932851366628759,0.5261412262273331,0.03399609861468394,0.5808187134502923,0.06643829028497983
