Acurácia Média;Acurácia Std (+-);F1-Score Médio;F1-Score Std (+-);Precisão Média;Precisão Std (+-);Recall Médio;Recall Std
0.7413793103448276;0.07594039843291461;0.5424984230943982;0.05766059336224092;0.534157329598506;0.04424956931838862;0.5803801169590643;0.08312844927394518
