Acurácia Média,Acurácia Std (+-),F1-Score Médio,F1-Score Std (+-),Precisão Média,Precisão Std (+-),Recall Médio,Recall Std
0.6802469135802468,0.010255091188787745,0.6581078036488501,0.012582328484319194,0.6678846374336583,0.016527410146770907,0.7175880758807589,0.008240955804714685
